name;norad_cat_id;epoch;tle_line1;tle_line2
CREW DRAGON 6 DEB [TRUN*;;2023-09-08T11:26:02+00:00;1 57799U 23027B   23251.47642099  .00045784  00000+0  69629-3 0  9997;2 57799  51.7807 275.9647 0005371  48.1461 311.9989 15.54063850   688
EUTELSAT 117 WEST B (W*);;2025-10-05T03:12:01+00:00;1 41589U 16038B   25278.13334792 -.00000011  00000+0  00000+0 0  9992;2 41589   0.0245  41.7886 0000118 207.9418  55.3414  1.00272870 34102
EUTELSAT 5 WEST B (EGN*);;2025-10-05T03:18:16+00:00;1 44624U 19067A   25278.13769168 -.00000041  00000+0  00000+0 0  9992;2 44624   0.0652   3.6178 0003232 193.1050 221.9331  1.00271906 21874
HULIANWAN GAOGUI-01 (H*);;2025-10-01T17:01:08+00:00;1 59069U 24040A   25274.70912281  .00000157  00000+0  00000+0 0  9990;2 59069   0.0567 299.6674 0000922 319.6220  40.3087  1.00271661  4738
HULIANWAN GAOGUI-02 (H*);;2025-10-03T21:13:44+00:00;1 60327U 24135A   25276.88454007 -.00000173  00000+0  00000+0 0  9991;2 60327   0.0337  94.3293 0001991 160.4269 229.6130  1.00271103  4935
HULIANWAN GAOGUI-03 (H*);;2025-10-01T01:20:09+00:00;1 61503U 24181A   25274.05566451 -.00000240  00000+0  00000+0 0  9998;2 61503   0.0143 131.2476 0001006 288.9553 252.7604  1.00274830  4225
HULIANWANG JISHU SHIYAN*;;2024-01-29T07:37:29+00:00;1 58691U 23212A   24029.31770823  .00000031  00000+0  14973-3 0  9997;2 58691  50.0020 308.9229 0007914  42.9651 317.1863 13.86996577  4216
HULIANWANG JISHU SHIYAN*;;2024-01-29T07:29:24+00:00;1 58692U 23212B   24029.31208911  .00000015  00000+0  13634-3 0  9997;2 58692  49.9988 308.8871 0004903  30.0711 330.0467 13.86968768  4214
HULIANWANG JISHU SHIYAN*;;2024-01-29T07:33:11+00:00;1 58693U 23212C   24029.31472148  .00000020  00000+0  14007-3 0  9994;2 58693  50.0002 308.9038 0007077  26.2564 333.8691 13.86994896  4210
INMARSAT 4-F2 (SOUTHPA*);;2025-10-05T03:30:23+00:00;1 28899U 05044A   25278.14610926 -.00000255  00000+0  00000+0 0  9993;2 28899   4.7609  43.6211 0003053 172.4617 354.1155  1.00271716 72963
LUDI TANCE 1-01A (L-SA*);;2025-10-05T04:32:58+00:00;1 51284U 22007A   25278.18956766  .00000173  00000+0  24566-4 0  9990;2 51284  97.8121 284.2827 0001617  92.2374 267.9028 14.88415642200543
LUDI TANCE 1-01B (L-SA*);;2025-10-05T03:44:33+00:00;1 51822U 22018A   25278.15594134  .00001709  00000+0  19025-3 0  9993;2 51822  97.8108 284.2386 0001603  89.9587 270.1813 14.88414709195779
NUSANTARA LIMA (NUSANT*);;2025-10-01T19:36:03+00:00;1 65588U 25205A   25274.81671068 -.00000365  00000+0  00000+0 0  9996;2 65588   0.3074 269.7257 4410081 108.1681  38.5175  1.00170277   171
NUSAT-24 (KALPANA CHAW*);;2023-12-28T09:53:52+00:00;1 52178U 22033X   23362.41241005  .00019957  00000+0  63127-3 0  9998;2 52178  97.3014  78.9112 0007362 187.2227 172.8911 15.32787638 97021
NUSAT-34 (AMELIA EARHA*);;2023-12-28T09:57:06+00:00;1 55045U 23001AN  23362.41465528  .00011734  00000+0  49330-3 0  9993;2 55045  97.4201  59.3866 0013145  46.6819 313.5511 15.23491123 54604
NUSAT-44 (MARIA MITCHE*);;2024-04-03T14:01:38+00:00;1 59122U 24043AA  24094.58447398  .00008474  00000+0  42912-3 0  9992;2 59122  97.4658 219.4233 0014203 186.6243 173.4805 15.17153384  4497
NUSAT-48 (HENRIETTA LE*);;2025-10-05T04:58:16+00:00;1 60498U 24149AG  25278.20713307  .00016184  00000+0  54758-3 0  9995;2 60498  97.3989 355.7817 0006105 105.7243 254.4671 15.30673550 63142
NUSAT-49 (KLARA DAN VO*);;2025-10-05T03:45:01+00:00;1 60500U 24149AJ  25278.15626609  .00016352  00000+0  56082-3 0  9990;2 60500  97.4014 355.8511 0005713 102.7480 257.4399 15.30232010 63133
POLYTECH-UNIVERSE 3 (R*);;2025-10-05T04:09:35+00:00;1 57191U 23091AB  25278.17333051  .00008903  00000+0  46871-3 0  9993;2 57191  97.5453 332.6069 0015267 297.3331  62.6347 15.15761223125274
ROBUSTA-3A (MEDITERRAN*);;2025-10-04T14:40:25+00:00;1 60243U 24128J   25277.61140696  .00014747  00000+0  96808-3 0  9994;2 60243  61.9893  28.8117 0056374  76.2667 284.4692 15.06576575 67846
SAMSAT-IONOSPHERE (RS7*);;2025-10-05T05:08:14+00:00;1 61784U 24199BB  25278.21405186  .00028534  00000+0  75955-3 0  9997;2 61784  97.3336 146.3227 0014983 127.1833 233.0782 15.38051083 98134
TIANJIN UNIVERSITY 1 (*);;2024-07-29T22:43:27+00:00;1 49812U 21117A   24211.94685183  .01486118  23929-5  67695-3 0  9995;2 49812  97.3115 311.7969 0010221 258.2196 101.7948 16.21891310149069
CALSPHERE 1;900;2025-10-05T10:37:28.191360;;
CALSPHERE 2;902;2025-10-05T11:04:00.444864;;
LCS 1;1361;2025-10-05T12:08:01.406976;;
TEMPSAT 1;1512;2025-10-05T06:44:31.462944;;
CALSPHERE 4A;1520;2025-10-05T13:13:59.657952;;
OPS 5712 (P/L 160);2826;2025-10-05T11:22:39.247968;;
LES-5;2866;2025-10-05T09:34:37.260768;;
SURCAL 159;2872;2025-10-05T03:43:44.883840;;
OPS 5712 (P/L 153);2874;2025-10-05T11:26:02.304384;;
SURCAL 150B;2909;2025-10-05T11:00:45.006336;;
OPS 3811 (DSP 2);5204;2025-10-05T07:38:59.060832;;
RIGIDSPHERE 2 (LCS 4);5398;2025-10-05T10:46:50.886048;;
OSCAR 7 (AO-7);7530;2025-10-05T00:26:47.433120;;
STARLETTE;7646;2025-10-05T11:25:06.465792;;
LAGEOS 1;8820;2025-10-05T08:39:11.622816;;
OPS 8701 (DSP 10);13086;2025-10-05T10:50:48.168960;;
PHASE 3B (AO-10);14129;2025-10-05T09:39:48.445056;;
UOSAT 2 (UO-11);14781;2025-10-05T10:15:42.238080;;
AJISAI (EGS);16908;2025-10-05T10:06:57.663072;;
TDRS 3;19548;2025-10-05T09:12:38.998080;;
COSMOS 1989 (ETALON 1);19751;2025-10-03T13:42:51.583968;;
COSMOS 2024 (ETALON 2);20026;2025-10-05T09:51:26.564832;;
FLTSATCOM 8 (USA 46);20253;2025-10-04T14:13:33.581856;;
LUSAT (LO-19);20442;2025-10-05T00:41:22.448256;;
HST;20580;2025-10-05T07:35:15.931968;;
SKYNET 4C;20776;2025-10-04T20:38:11.701824;;
USA 65 (DSP 15);20929;2025-10-05T07:49:05.592288;;
TDRS 5;21639;2025-10-05T09:30:38.814912;;
USA 75 (DSP 16);21805;2025-10-05T06:01:47.078976;;
LAGEOS 2;22195;2025-10-01T10:30:28.379808;;
TDRS 6;22314;2025-10-05T06:43:00.411168;;
SCD 1;22490;2025-10-05T11:53:30.965856;;
UFO 2 (USA 95);22787;2025-10-04T20:36:56.823264;;
STELLA;22824;2025-10-05T11:36:04.628160;;
EYESAT A (AO-27);22825;2025-10-05T11:15:47.826720;;
ITAMSAT (IO-26);22826;2025-10-05T10:53:43.331136;;
USA 99 (MILSTAR-1 1);22988;2025-10-01T20:06:45.860256;;
RADIO ROSTO (RS-15);23439;2025-10-05T11:44:51.955008;;
UFO 4 (USA 108);23467;2025-10-05T05:28:24.235392;;
TDRS 7;23613;2025-10-04T17:39:30.224736;;
USA 115 (MILSTAR-1 2);23712;2025-10-05T09:21:44.404992;;
POLAR;23802;2025-10-03T13:20:43.679904;;
INMARSAT 3-F1;23839;2025-10-05T03:30:38.716416;;
USA 119;23893;2025-10-05T07:42:57.199968;;
JAS-2 (FO-29);24278;2025-10-05T09:13:09.519744;;
INMARSAT 3-F2;24307;2025-10-05T12:06:44.343360;;
INMARSAT 3-F3;24674;2025-10-05T10:44:37.162176;;
NAVSTAR 43 (USA 132);24876;2025-10-04T22:17:14.280000;;
FORTE;24920;2025-10-05T07:30:34.153920;;
AMC-3;24936;2025-10-05T10:25:22.116000;;
USA 134;25019;2025-10-05T09:32:10.290048;;
ORBCOMM FM06;25118;2025-10-05T11:44:36.779712;;
INMARSAT 3-F5;25153;2025-10-05T05:54:25.836768;;
ORBCOMM FM04;25159;2025-10-05T11:17:57.449184;;
CELESTIS-02 & TAURUS R/B;25160;2025-10-05T12:49:17.142816;;
TECHSAT 1B (GO-32);25397;2025-10-05T10:15:28.185984;;
WESTPAC;25398;2025-10-05T11:01:33.182976;;
ORBCOMM FM19;25415;2025-10-05T07:30:33.700320;;
ORBCOMM FM20;25416;2025-10-05T11:54:07.566624;;
ORBCOMM FM27;25481;2025-10-04T21:04:58.799712;;
SCD 2;25504;2025-10-05T11:43:57.387360;;
ISS (ZARYA);25544;2025-10-05T11:57:08.971200;;
SWAS;25560;2025-10-05T09:16:41.973024;;
SKYNET 4E;25639;2025-09-30T00:30:26.836416;;
DLR-TUBSAT;25757;2025-10-05T11:02:25.601856;;
CXO;25867;2025-10-04T20:40:38.074656;;
ABS-6;25924;2025-10-05T11:46:38.730720;;
NAVSTAR 46 (USA 145);25933;2025-10-05T06:46:38.615232;;
UFO 10 (USA 146);25967;2025-10-05T03:13:09.550848;;
ORBCOMM FM32;25982;2025-10-05T11:16:31.984032;;
XMM-NEWTON;25989;2025-10-04T01:31:41.627136;;
TERRA;25994;2025-10-05T11:02:21.043392;;
ASIASTAR;26107;2025-10-05T08:57:58.988160;;
IMAGE;26113;2025-10-05T07:47:43.132992;;
USA 149 (DSP 20);26356;2025-10-03T11:46:38.793792;;
NAVSTAR 47 (USA 150);26360;2025-10-05T06:46:30.345024;;
TDRS 8;26388;2025-10-04T19:36:38.628000;;
NAVSTAR 48 (USA 151);26407;2025-10-05T06:26:42.757152;;
CLUSTER II-FM7 (SAMBA);26410;2025-10-03T11:21:06.895008;;
CLUSTER II-FM5 (RUMBA);26463;2025-10-04T07:49:37.456608;;
CLUSTER II-FM8 (TANGO);26464;2025-10-03T17:42:36.535968;;
NSS-11;26554;2025-10-05T11:01:02.187840;;
USA 153;26575;2025-10-05T05:40:47.894016;;
AMC-6;26580;2025-10-05T12:31:19.148160;;
NAVSTAR 49 (USA 154);26605;2025-10-05T09:45:02.020032;;
ODIN;26702;2025-10-05T08:16:02.559648;;
USA 157 (MILSTAR-2 2);26715;2025-10-05T12:13:35.289408;;
BSAT-2A;26720;2025-10-05T12:11:23.792064;;
INTELSAT 10 (IS-10);26766;2025-10-05T10:31:27.524928;;
OMNI-M1;26857;2025-09-24T11:24:34.662816;;
USA 159 (DSP 21);26880;2025-10-02T03:54:38.498112;;
INTELSAT 902 (IS-902);26900;2025-09-29T07:40:38.690400;;
PCSAT (NO-44);26931;2025-10-05T11:47:06.790848;;
PROBA-1;26958;2025-10-05T11:11:59.740224;;
TIMED;26998;2025-10-05T10:22:38.076096;;
MAROC-TUBSAT;27004;2025-10-05T11:09:13.020192;;
COSMOS 2385;27056;2025-10-05T14:04:12.667008;;
COSMOS 2386;27057;2025-10-05T08:51:27.464832;;
USA 164 (MILSTAR-2 3);27168;2025-10-05T11:58:52.595904;;
INTELSAT 904 (IS-904);27380;2025-10-04T16:55:18.074784;;
AQUA;27424;2025-10-05T12:21:34.060320;;
DIRECTV 5 (TEMPO 1);27426;2025-10-05T11:25:37.765056;;
INTELSAT 905 (IS-905);27438;2025-10-05T12:29:13.060320;;
GALAXY 3C (G-3C);27445;2025-10-05T11:50:32.809920;;
COSMOS 2390;27464;2025-10-05T13:01:38.303616;;
COSMOS 2391;27465;2025-10-05T13:04:49.733184;;
INTELSAT 906 (IS-906);27513;2025-10-05T12:11:51.351072;;
TDRS 10;27566;2025-10-05T10:07:19.516224;;
LATINSAT B;27606;2025-10-05T11:10:34.365792;;
SAUDISAT 1C (SO-50);27607;2025-10-05T04:30:17.900352;;
LATINSAT A;27612;2025-10-05T11:40:07.730112;;
NIMIQ 2;27632;2025-10-05T11:22:22.641888;;
CORIOLIS;27640;2025-10-05T10:59:07.079712;;
SORCE;27651;2025-10-05T08:20:40.619040;;
NAVSTAR 51 (USA 166);27663;2025-10-05T10:09:32.719104;;
USA 167;27691;2025-10-05T11:18:38.001024;;
NAVSTAR 52 (USA 168);27704;2025-10-05T05:46:10.592832;;
USA 169 (MILSTAR-2 4);27711;2025-09-30T16:08:57.404832;;
ASIASAT 4;27718;2025-10-05T07:27:22.675104;;
HELLAS-SAT 2;27811;2025-10-05T04:59:36.842784;;
THURAYA-2;27825;2025-10-05T10:23:05.826912;;
OPTUS C1;27831;2025-10-05T07:29:44.948256;;
MOST;27843;2025-10-05T12:13:57.368064;;
CUTE-1 (CO-55);27844;2025-10-05T10:33:31.177152;;
CUBESAT XI-IV (CO-57);27848;2025-10-05T12:20:24.252576;;
SCISAT 1;27858;2025-10-05T11:12:21.479328;;
COSMOS 2400;27868;2025-10-05T12:29:00.471840;;
COSMOS 2401;27869;2025-10-05T13:06:59.417856;;
USA 170;27875;2025-10-05T12:00:29.941056;;
MOZHAETS 4 (RS-22);27939;2025-10-05T12:02:54.692160;;
LARETS;27944;2025-10-05T11:55:01.405920;;
GALAXY 13 (HORIZONS-1);27954;2025-10-05T12:16:25.747104;;
IRS-P6 (RESOURCESAT-1);28051;2025-10-05T14:09:11.339712;;
DMSP 5D-3 F16 (USA 172);28054;2025-10-05T12:35:29.645088;;
CHUANGXIN 1 (CX-1);28058;2025-10-05T10:02:12.903360;;
YAMAL 202;28089;2025-10-05T07:31:44.755680;;
UFO 11 (USA 174);28117;2025-10-05T08:49:37.290144;;
NAVSTAR 53 (USA 175);28129;2025-10-05T05:26:09.312288;;
USA 176 (DSP 22);28158;2025-10-05T09:53:49.340832;;
ABS-4 (MOBISAT-1);28184;2025-10-05T12:10:58.934784;;
EUTELSAT 7A;28187;2025-10-05T12:26:46.677120;;
NAVSTAR 54 (USA 177);28190;2025-10-05T07:38:56.441184;;
SHIYAN-1 (SY-1);28220;2025-10-05T02:43:54.625152;;
AMC-11;28252;2025-10-05T12:28:50.318112;;
INTELSAT 10-02;28358;2025-10-05T08:27:46.882944;;
NAVSTAR 55 (USA 178);28361;2025-10-02T03:25:54.602976;;
APRIZESAT 2;28366;2025-10-05T11:17:24.566208;;
SAUDICOMSAT 1;28369;2025-10-05T10:12:31.379616;;
SAUDICOMSAT 2;28370;2025-10-05T11:19:35.576256;;
SAUDISAT 2;28371;2025-10-05T12:23:45.746016;;
APRIZESAT 1;28372;2025-10-05T11:25:49.810080;;
AURA;28376;2025-10-05T12:00:21.233664;;
ANIK F2;28378;2025-10-05T11:21:52.691328;;
COSMOS 2407;28380;2025-10-05T11:40:24.843360;;
SHIJIAN-6 01A (SJ-6 01A);28413;2025-10-05T11:37:34.667328;;
SHIJIAN-6 01B (SJ-6 01B);28414;2025-10-05T12:54:58.022784;;
COSMOS 2408;28419;2025-10-05T13:32:53.480832;;
COSMOS 2409;28420;2025-10-05T12:46:37.225056;;
AMC-15;28446;2025-10-05T11:23:30.034752;;
JB-3 3 (ZY 2C);28470;2025-10-05T10:35:37.044672;;
NAVSTAR 56 (USA 180);28474;2025-10-02T06:52:21.688896;;
SWIFT;28485;2025-10-05T09:30:25.869600;;
NANOSAT-1;28493;2025-10-05T07:36:35.949600;;
COSMOS 2414;28521;2025-10-05T09:41:04.454592;;
NSS-10;28526;2025-10-05T08:17:17.888352;;
XM-3 (RHYTHM);28626;2025-10-05T11:20:46.944384;;
INMARSAT 4-F1;28628;2025-10-05T08:27:51.705792;;
IRS-P5 (CARTOSAT-1);28649;2025-10-05T11:05:42.249120;;
DIRECTV 8;28659;2025-10-05T11:19:30.418176;;
GALAXY 28 (G-28);28702;2025-10-05T11:32:01.681728;;
SJ-7;28737;2025-10-05T08:01:13.120032;;
THAICOM 4;28786;2025-10-05T12:27:43.163712;;
REIMEI (INDEX);28810;2025-10-05T08:12:56.223360;;
ANIK F1R;28868;2025-10-05T11:22:52.595040;;
NAVSTAR 57 (USA 183);28874;2025-10-05T02:14:05.344224;;
SYRACUSE 3A;28885;2025-10-05T11:59:45.013056;;
BEIJING 1;28890;2025-10-05T12:39:22.671936;;
SINAH 1;28893;2025-10-05T11:13:34.120992;;
CUBESAT XI-V;28895;2025-10-05T09:12:31.923648;;
INMARSAT 4-F2;28899;2025-10-05T07:26:15.283104;;
COSMOS 2416;28908;2025-10-05T12:42:53.290080;;
METEOSAT-9 (MSG-2);28912;2025-10-05T12:06:36.855072;;
EUTELSAT 174A;28924;2025-10-05T09:17:42.096192;;
ECHOSTAR 10;28935;2025-10-05T11:25:37.756416;;
SPAINSAT;28945;2025-10-05T01:03:57.544992;;
JCSAT-5A;29045;2025-10-05T10:48:25.898400;;
ASTRA 1KR;29055;2025-10-05T06:14:38.814144;;
EROS B;29079;2025-10-05T11:47:32.137152;;
RESURS-DK 1;29228;2025-10-05T10:03:28.994112;;
GALAXY 16 (G-16);29236;2025-10-05T11:25:14.868192;;
ARIRANG-2 (KOMPSAT-2);29268;2025-10-05T12:38:16.340064;;
EUTELSAT HOTBIRD 13B;29270;2025-10-05T12:02:44.725056;;
JCSAT-3A;29272;2025-10-05T12:30:05.436000;;
SYRACUSE 3B;29273;2025-10-05T06:30:38.706048;;
KOREASAT 5 (MUGUNGWHA 5);29349;2025-10-05T12:25:50.842848;;
HINODE (SOLAR-B);29479;2025-10-05T11:17:55.684032;;
NAVSTAR 58 (USA 190);29486;2025-10-05T09:53:11.819040;;
DIRECTV 9S;29494;2025-10-05T11:24:37.426752;;
OPTUS D1;29495;2025-10-05T10:23:38.715072;;
SHIJIAN-6 02A (SJ-6 02A);29505;2025-10-05T12:01:10.053120;;
SHIJIAN-6 02B (SJ-6 02B);29506;2025-10-05T12:41:04.416576;;
DMSP 5D-3 F17 (USA 191);29522;2025-10-05T11:00:48.311136;;
BADR-4;29526;2025-10-05T12:00:59.893344;;
NAVSTAR 59 (USA 192);29601;2025-10-05T03:28:41.312640;;
WILDBLUE-1;29643;2025-10-05T12:28:50.298240;;
LAPAN-TUBSAT;29709;2025-10-05T11:35:50.499168;;
THEMIS A;30580;2025-10-05T04:04:33.906432;;
SKYNET 5A;30794;2025-10-05T12:04:43.766112;;
THEMIS D;30797;2025-10-05T11:23:07.570752;;
THEMIS E;30798;2025-10-05T11:24:14.962752;;
ANIK F3;31102;2025-10-05T11:19:37.904736;;
HAIYANG-1B;31113;2025-10-05T11:43:17.175936;;
SAUDISAT 3;31118;2025-10-05T10:26:39.563232;;
SAUDICOMSAT 7;31119;2025-10-05T10:35:14.675712;;
SAUDICOMSAT 6;31121;2025-10-05T10:02:20.916096;;
SAUDICOMSAT 5;31124;2025-10-05T11:50:30.809760;;
SAUDICOMSAT 3;31125;2025-10-05T11:29:02.088096;;
SAUDICOMSAT 4;31127;2025-10-05T11:30:07.873056;;
ASTRA 1L;31306;2025-10-05T11:59:07.573344;;
GALAXY 17 (G-17);31307;2025-10-05T11:45:08.134272;;
YAOGAN-2;31490;2025-10-05T11:48:35.399232;;
GLOBALSTAR M069;31573;2025-10-05T07:35:44.207232;;
GLOBALSTAR M072;31574;2025-10-05T09:16:20.938080;;
COSMO-SKYMED 1;31598;2025-10-05T12:53:25.998144;;
TERRASAR-X;31698;2025-10-04T14:56:57.206112;;
COSMOS 2428;31792;2025-10-05T03:14:53.635200;;
ZHONGXING-6B;31800;2025-10-05T12:25:58.332000;;
DIRECTV 10;31862;2025-10-05T11:33:34.528896;;
WORLDVIEW-1 (WV-1);32060;2025-10-05T07:55:45.276096;;
OPTUS D2;32252;2025-10-05T10:01:00.444000;;
INTELSAT 11 (IS-11);32253;2025-10-05T10:23:02.714784;;
WGS F1 (USA 195);32258;2025-10-05T11:41:24.271008;;
NAVSTAR 60 (USA 196);32260;2025-10-05T10:47:03.785568;;
GLOBALSTAR M066;32265;2025-10-04T17:41:38.264352;;
COSMOS 2433 [GLONASS-M];32275;2025-10-05T02:36:18.331200;;
COSMOS 2432 [GLONASS-M];32276;2025-10-05T04:21:21.667392;;
SAR-LUPE 3;32283;2025-10-05T11:59:19.371264;;
YAOGAN-3;32289;2025-10-05T12:02:24.813312;;
SKYNET 5B;32294;2025-10-05T12:00:44.915904;;
ASTRA 4A;32299;2025-10-05T08:29:24.228096;;
COSMO-SKYMED 2;32376;2025-10-05T12:16:25.412736;;
RADARSAT-2;32382;2025-10-05T13:17:27.682368;;
NAVSTAR 61 (USA 199);32384;2025-10-05T12:14:29.005152;;
HORIZONS-2;32388;2025-10-05T11:32:29.175072;;
COSMOS 2434 [GLONASS-M];32393;2025-10-05T10:49:48.279072;;
COSMOS 2436 [GLONASS-M];32395;2025-10-05T03:57:47.261376;;
THURAYA-3;32404;2025-10-05T12:51:28.361952;;
THOR 5;32487;2025-10-05T08:27:46.882944;;
AMC-14;32708;2025-10-01T23:31:27.819840;;
NAVSTAR 62 (USA 201);32711;2025-10-04T20:53:24.935136;;
DIRECTV 11;32729;2025-10-05T03:03:00.188928;;
ICO G1;32763;2025-10-05T09:57:50.000256;;
VINASAT-1;32767;2025-10-05T10:48:25.898400;;
STAR ONE C2;32768;2025-10-05T11:34:51.447360;;
CARTOSAT-2A;32783;2025-10-05T11:13:10.676352;;
CUTE-1.7+APD II (CO-65);32785;2025-10-05T11:41:55.801824;;
CANX-2;32790;2025-10-05T11:22:29.976384;;
SEEDS II (CO-66);32791;2025-10-05T11:17:54.437280;;
AMOS-3;32794;2025-10-05T08:26:46.979232;;
GALAXY 18 (G-18);32951;2025-10-05T11:18:23.026176;;
YUBILEINY (RS-30);32953;2025-10-05T11:09:05.282208;;
COSMOS 2437;32954;2025-10-05T11:49:32.411136;;
COSMOS 2438;32955;2025-10-05T12:29:28.168224;;
COSMOS 2439;32956;2025-10-05T12:22:35.056128;;
FENGYUN 3A;32958;2025-10-05T10:53:43.224864;;
ZHONGXING-9;33051;2025-10-05T11:22:00.068160;;
FGRST (GLAST);33053;2025-10-05T02:31:18.962976;;
SKYNET 5C;33055;2025-10-05T10:05:44.991168;;
TURKSAT 3A;33056;2025-10-05T12:05:29.462208;;
INTELSAT 25 (IS-25);33153;2025-10-05T10:01:45.372000;;
ECHOSTAR 11;33207;2025-10-05T11:25:37.732224;;
SUPERBIRD-C2;33274;2025-10-05T10:51:55.561824;;
AMC-21;33275;2025-10-05T11:17:53.073024;;
INMARSAT 4-F3;33278;2025-10-05T11:25:29.843040;;
HUANJING 1A (HJ-1A);33320;2025-10-05T11:49:12.580608;;
HUANJING 1B (HJ-1B);33321;2025-10-05T11:50:29.237280;;
GEOEYE 1;33331;2025-10-05T11:33:38.417760;;
NIMIQ 4;33373;2025-10-05T11:30:06.901056;;
GALAXY 19 (G-19);33376;2025-10-05T11:25:52.307040;;
THEOS;33396;2025-10-05T11:28:31.295136;;
SHIJIAN-6 03A (SJ-6 03A);33408;2025-10-05T12:33:37.740672;;
SHIJIAN-6 03B (SJ-6 03B);33409;2025-10-05T12:01:21.977184;;
COSMO-SKYMED 3;33412;2025-10-05T12:21:58.643712;;
SHIYAN-3 (SY-3);33433;2025-10-05T12:02:28.622688;;
CHUANGXIN 1-02 (CX-1-02);33434;2025-10-05T13:23:49.878816;;
ASTRA 1M;33436;2025-10-05T11:58:52.595904;;
YAOGAN-4;33446;2025-10-05T08:49:25.023072;;
EUTELSAT HOTBIRD 13C;33459;2025-10-05T08:24:24.706080;;
GOSAT (IBUKI);33492;2025-10-05T08:13:07.544352;;
STARS (KUKAI);33498;2025-10-05T09:35:18.801024;;
KKS-1 (KISEKI);33499;2025-10-05T11:49:47.646048;;
EXPRESS-AM44;33595;2025-10-05T08:24:54.659232;;
NSS-9;33749;2025-10-05T11:03:01.996128;;
TELSTAR 11N;34111;2025-10-05T04:51:45.097056;;
NAVSTAR 63 (USA 203);34661;2025-10-02T00:54:21.915360;;
WGS F2 (USA 204);34713;2025-10-05T12:09:59.031072;;
SES-7 (PROTOSTAR 2);34941;2025-10-05T12:24:28.476000;;
MEASAT-3A;35362;2025-10-05T12:27:38.714112;;
GOES 14;35491;2025-10-05T11:22:37.619328;;
FM-5;35493;2025-10-05T11:20:46.972032;;
TERRESTAR-1;35496;2025-10-05T11:21:52.691328;;
COSMOS 2451;35498;2025-10-05T11:15:28.511136;;
COSMOS 2453;35500;2025-10-05T11:54:50.954112;;
DEIMOS-1;35681;2025-10-05T12:44:58.437888;;
DUBAISAT-1;35682;2025-10-05T09:19:59.695968;;
UK-DMC 2;35683;2025-10-05T13:23:23.298720;;
APRIZESAT 4;35684;2025-10-05T10:55:55.835040;;
NANOSAT 1B;35685;2025-10-05T06:15:58.324608;;
APRIZESAT 3;35686;2025-10-05T08:19:10.572096;;
ASIASAT 5;35696;2025-10-05T02:06:38.651040;;
NAVSTAR 64 (USA 206);35752;2025-10-05T07:40:16.278240;;
JCSAT-12 (JCSAT-RA);35755;2025-10-05T10:48:25.898400;;
OPTUS D3;35756;2025-10-05T11:46:38.730720;;
NIMIQ 5;35873;2025-10-05T12:29:38.818752;;
OCEANSAT-2;35931;2025-10-05T11:46:48.042912;;
SWISSCUBE;35932;2025-10-05T06:04:48.567360;;
BEESAT-1;35933;2025-10-05T04:59:26.144736;;
ITUPSAT1;35935;2025-10-05T11:01:30.748224;;
AMAZONAS 2;35942;2025-10-05T10:38:45.305952;;
COMSATBW-1;35943;2025-10-05T12:11:28.887072;;
WORLDVIEW-2 (WV-2);35946;2025-10-05T11:01:10.206624;;
DMSP 5D-3 F18 (USA 210);35951;2025-10-05T11:27:36.539136;;
NSS-12;36032;2025-10-05T12:09:51.541920;;
THOR 6;36033;2025-10-05T08:27:46.882944;;
SMOS;36036;2025-10-05T11:39:40.546080;;
PROBA-2;36037;2025-10-05T11:28:29.593056;;
SJ-11-01;36088;2025-10-05T12:43:53.399424;;
COSMOS 2455;36095;2025-10-05T01:35:17.818080;;
INTELSAT 14 (IS-14);36097;2025-10-05T09:57:53.242848;;
EUTELSAT 36B;36101;2025-10-05T12:07:59.221920;;
INTELSAT 15 (IS-15);36106;2025-10-05T12:17:50.775936;;
WGS F3 (USA 211);36108;2025-10-05T02:48:38.774016;;
YAOGAN-7;36110;2025-10-05T10:32:13.274592;;
COSMOS 2456 [GLONASS-M];36111;2025-10-05T08:26:13.924320;;
COSMOS 2457 [GLONASS-M];36112;2025-10-05T10:27:33.007680;;
YAOGAN-8;36121;2025-10-05T10:41:19.269888;;
XIWANG-1 (HOPE-1);36122;2025-10-05T11:51:23.582880;;
DIRECTV 12;36131;2025-10-05T11:34:02.847360;;
BEIDOU-2 G1;36287;2025-10-05T09:08:05.517888;;
SDO;36395;2025-10-04T11:26:23.796384;;
INTELSAT 16 (IS-16);36397;2025-10-05T11:55:04.754784;;
COSMOS 2460 [GLONASS-M];36402;2025-10-05T10:49:43.256640;;
EWS-G2 (GOES 15);36411;2025-10-05T12:11:06.423072;;
YAOGAN-9 01A;36413;2025-10-05T09:10:56.595936;;
YAOGAN-9 01B;36414;2025-10-05T10:30:48.492864;;
YAOGAN-9 01C;36415;2025-10-05T10:28:55.414272;;
ECHOSTAR 14;36499;2025-10-05T09:23:33.124704;;
CRYOSAT 2;36508;2025-10-05T11:47:07.901952;;
SES-1;36516;2025-10-05T11:24:44.915040;;
COSMOS 2463;36519;2025-10-05T12:54:41.103072;;
ASTRA 3B;36581;2025-10-05T12:00:14.965344;;
COMSATBW-2;36582;2025-10-05T06:22:38.778240;;
NAVSTAR 65 (USA 213);36585;2025-10-04T03:56:50.365248;;
BEIDOU-2 G3;36590;2025-10-05T12:16:13.433376;;
BADR-5;36592;2025-10-05T12:00:52.405056;;
SJ-12;36596;2025-10-05T11:36:01.847808;;
TANDEM-X;36605;2025-10-04T16:31:48.230688;;
COMS 1;36744;2025-10-05T10:47:18.503808;;
ARABSAT-5A;36745;2025-10-05T12:02:14.772768;;
ECHOSTAR 15;36792;2025-10-05T09:23:33.165312;;
CARTOSAT-2B;36795;2025-10-05T12:04:09.340032;;
ALSAT 2A;36798;2025-10-05T11:49:36.115968;;
TISAT 1;36799;2025-10-05T07:45:46.395360;;
BEIDOU-2 IGSO-1;36828;2025-10-01T15:06:29.822976;;
NILESAT 201;36830;2025-10-05T08:26:02.051232;;
RASCOM-QAF 1R;36831;2025-10-05T06:30:38.706048;;
YAOGAN-10;36834;2025-10-05T13:54:22.671648;;
AEHF-1 (USA 214);36868;2025-10-05T12:02:07.286208;;
COSMOS 2467;37152;2025-10-05T08:09:40.568832;;
STRELA 3;37153;2025-10-05T12:13:21.619200;;
COSMOS 2468;37154;2025-10-05T08:17:12.172992;;
YAOGAN-11;37165;2025-10-05T11:27:01.585152;;
ZHEDA PIXING 1B;37166;2025-10-05T11:33:06.468768;;
ZHEDA PIXING 1C;37167;2025-10-05T11:57:25.805376;;
SBSS (USA 216);37168;2025-10-05T13:38:49.842816;;
SHIJIAN-6 04A (SJ-6 04A);37179;2025-10-05T12:20:31.005600;;
SHIJIAN-6 04B (SJ-6 04B);37180;2025-10-05T11:52:12.227808;;
XM-5;37185;2025-10-05T11:20:37.811040;;
GLOBALSTAR M079;37188;2025-10-05T04:29:23.717184;;
GLOBALSTAR M074;37189;2025-10-05T10:50:32.445024;;
GLOBALSTAR M076;37190;2025-10-05T09:34:57.607104;;
GLOBALSTAR M077;37191;2025-09-18T02:44:08.653920;;
GLOBALSTAR M075;37192;2025-10-05T13:41:34.977408;;
GLOBALSTAR M073;37193;2025-10-05T12:53:03.751872;;
BSAT-3B;37207;2025-10-05T12:24:58.428288;;
BEIDOU-2 G4;37210;2025-10-05T10:23:38.715072;;
FENGYUN 3B;37214;2025-10-05T14:05:27.048768;;
COSMO-SKYMED 4;37216;2025-10-05T12:34:41.338848;;
SKYTERRA 1;37218;2025-10-05T11:26:54.458016;;
O/OREOS (USA 219);37224;2025-10-05T10:57:31.542048;;
HYLAS 1;37237;2025-10-05T08:07:58.082880;;
INTELSAT 17 (IS-17);37238;2025-10-05T12:12:21.304224;;
BEIDOU-2 IGSO-2;37256;2025-10-04T14:52:25.035744;;
EUTELSAT KA-SAT 9A;37258;2025-10-05T03:22:16.176864;;
HISPASAT 30W-5;37264;2025-10-05T10:02:15.326016;;
KOREASAT 6;37265;2025-10-05T11:46:38.730720;;
BEIDOU-2 IGSO-3;37384;2025-10-02T20:08:29.978304;;
RESOURCESAT-2;37387;2025-10-05T10:38:47.089248;;
YOUTHSAT;37388;2025-10-05T10:54:12.575808;;
X-SAT;37389;2025-10-05T12:15:51.917184;;
INTELSAT 28 (IS-28);37392;2025-10-05T10:01:45.372000;;
YAHSAT 1A;37393;2025-10-05T03:34:44.982336;;
SBIRS GEO-1 (USA 230);37481;2025-10-05T12:08:21.685920;;
TELSTAR 14R;37602;2025-10-05T10:36:18.641952;;
GSAT-8;37605;2025-10-05T12:09:14.103072;;
ST-2;37606;2025-10-05T10:35:57.093792;;
ZHONGXING-10;37677;2025-10-05T12:15:28.505376;;
SJ-11-03;37730;2025-10-05T12:22:34.735584;;
GLOBALSTAR M083;37739;2025-10-05T11:33:19.845216;;
GLOBALSTAR M088;37740;2025-10-05T13:13:52.769280;;
GLOBALSTAR M091;37741;2025-10-05T11:40:59.238336;;
GLOBALSTAR M085;37742;2025-10-05T09:31:35.050080;;
GLOBALSTAR M081;37743;2025-10-05T08:11:07.678176;;
GLOBALSTAR M089;37744;2025-10-05T13:05:14.483328;;
SES-3;37748;2025-10-05T11:34:02.792064;;
KAZSAT-2;37749;2025-10-05T12:18:13.240800;;
NAVSTAR 66 (USA 232);37753;2025-10-05T04:19:54.862176;;
BEIDOU-2 IGSO-4;37763;2025-10-03T16:19:50.085984;;
SJ-11-02;37765;2025-10-05T10:54:35.999712;;
ASTRA 1N;37775;2025-10-05T11:58:52.595904;;
BSAT-3C (JCSAT-110R);37776;2025-10-05T12:24:58.428288;;
PAKSAT-1R;37779;2025-10-05T12:04:22.070208;;
HAIYANG-2A;37781;2025-10-05T11:52:42.437568;;
NIGERIASAT-2;37789;2025-10-05T12:05:00.422304;;
NIGERIASAT-X;37790;2025-10-05T10:53:13.312320;;
RASAT;37791;2025-10-05T12:58:03.643680;;
APRIZESAT 5;37792;2025-10-05T09:14:23.071200;;
APRIZESAT 6;37793;2025-10-05T07:23:45.450816;;
SES-2;37809;2025-10-05T11:36:49.214880;;
ARABSAT-5C;37810;2025-10-05T11:59:07.573344;;
EUTELSAT 7 WEST A;37816;2025-10-05T08:25:54.562080;;
TACSAT 4;37818;2025-10-05T08:36:57.902400;;
QUETZSAT 1;37826;2025-10-05T11:55:20.503776;;
INTELSAT 18 (IS-18);37834;2025-10-05T10:43:51.706272;;
EUTELSAT 16A;37836;2025-10-05T06:14:38.814144;;
JUGNU;37839;2025-10-05T11:51:39.426048;;
SRMSAT;37841;2025-10-05T02:32:42.940320;;
VIASAT-1;37843;2025-10-05T07:12:30.729024;;
GSAT0101 (GALILEO-PFM);37846;2025-10-02T22:10:48.936864;;
GSAT0102 (GALILEO-FM2);37847;2025-10-05T04:36:09.093024;;
SUOMI NPP;37849;2025-10-05T12:49:00.052032;;
COSMOS 2476 [GLONASS-M];37867;2025-10-02T21:51:52.184160;;
COSMOS 2477 [GLONASS-M];37868;2025-10-02T08:46:00.408000;;
COSMOS 2475 [GLONASS-M];37869;2025-10-05T10:35:08.882592;;
YAOGAN-12;37875;2025-10-05T13:10:00.390432;;
CHUANGXIN 1-03 (CX-1-03);37930;2025-10-05T12:28:07.555296;;
SHIYAN-4 (SY-4);37931;2025-10-05T11:20:38.173056;;
ASIASAT 7;37933;2025-10-05T12:23:43.548000;;
BEIDOU-2 IGSO-5;37948;2025-10-02T19:09:59.547168;;
LUCH-5A;37951;2025-10-05T04:07:26.846400;;
SSOT;38011;2025-10-05T12:25:57.493920;;
PLEIADES 1A;38012;2025-10-05T11:44:19.225824;;
NIGCOMSAT 1R;38014;2025-10-05T12:05:36.948768;;
ZIYUAN 1-02C (ZY 1-02C);38038;2025-10-05T12:05:39.074208;;
GLOBALSTAR M084;38040;2025-10-04T17:32:11.406048;;
GLOBALSTAR M080;38041;2025-10-05T09:58:52.724064;;
GLOBALSTAR M082;38042;2025-10-05T01:39:29.896128;;
GLOBALSTAR M092;38043;2025-10-05T11:40:43.605120;;
GLOBALSTAR M090;38044;2025-10-05T11:18:23.558400;;
GLOBALSTAR M086;38045;2025-10-05T11:55:43.830912;;
ZIYUAN 3-1 (ZY 3-1);38046;2025-10-05T13:04:20.584416;;
WGS F4 (USA 233);38070;2025-10-05T10:03:38.797920;;
LARES;38077;2025-10-05T11:36:06.763104;;
SES-4;38087;2025-10-05T08:21:47.458080;;
BEIDOU-2 G5;38091;2025-10-05T12:10:14.007648;;
MUOS-1;38093;2025-10-05T11:25:07.379040;;
INTELSAT 22 (IS-22);38098;2025-10-05T12:14:06.135936;;
APSTAR-7;38107;2025-10-05T10:32:34.917792;;
YAHSAT 1B;38245;2025-10-05T03:33:15.126336;;
BEIDOU-2 M3;38250;2025-10-05T03:12:23.663808;;
BEIDOU-2 M4;38251;2025-10-05T01:35:09.845952;;
AEHF-2 (USA 235);38254;2025-10-05T04:57:44.521920;;
TIANHUI 1-02;38256;2025-10-05T12:37:54.791040;;
YAOGAN-14;38257;2025-10-05T12:06:06.736032;;
JCSAT-13;38331;2025-10-05T12:28:58.044000;;
VINASAT-2;38332;2025-10-05T10:48:25.898400;;
GCOM-W1 (SHIZUKU);38337;2025-10-05T09:58:01.590816;;
ARIRANG-3 (KOMPSAT-3);38338;2025-10-05T11:48:14.635584;;
SDS-4;38339;2025-10-05T11:24:03.321216;;
NIMIQ 6;38342;2025-10-05T11:27:29.653056;;
ZHONGXING-2A;38352;2025-10-05T12:59:58.961760;;
YAOGAN-15;38354;2025-10-05T11:56:24.725760;;
INTELSAT 19 (IS-19);38356;2025-10-05T10:23:38.715072;;
NUSTAR;38358;2025-10-05T14:00:01.999008;;
ECHOSTAR 17;38551;2025-10-05T04:17:50.483328;;
METEOSAT-10 (MSG-3);38552;2025-10-05T05:02:36.557376;;
SES-5;38652;2025-10-05T08:29:24.228096;;
EXACTVIEW-1 (ADS-1B);38709;2025-10-05T06:41:16.288800;;
MKA-PN 1;38711;2025-10-05T07:16:38.690976;;
COSMOS 2481;38733;2025-10-05T12:15:30.506400;;
GONETS-M 3;38734;2025-10-05T13:07:48.484416;;
GONETS-M 4;38736;2025-10-05T11:03:49.336416;;
INTELSAT 20 (IS-20);38740;2025-10-05T12:13:06.232224;;
HYLAS 2;38741;2025-10-05T11:19:20.983296;;
EXPRESS-MD2;38745;2025-10-05T00:53:09.655584;;
INTELSAT 21 (IS-21);38749;2025-10-05T11:37:02.191296;;
SPOT 6;38755;2025-10-05T11:31:45.543936;;
SMDC ONE 1.2;38759;2025-10-05T09:09:14.097024;;
CINEMA;38764;2025-10-05T05:32:55.152096;;
AEROCUBE 4.5A;38767;2025-10-05T11:49:55.331328;;
METOP-B;38771;2025-10-05T10:34:59.051136;;
BEIDOU-2 M6;38775;2025-10-05T07:31:56.459424;;
ASTRA 2F;38778;2025-10-05T12:01:37.333056;;
GSAT-10;38779;2025-10-05T12:17:13.337088;;
VRSS-1;38782;2025-10-05T11:33:45.311616;;
NAVSTAR 67 (USA 239);38833;2025-10-05T01:09:22.270752;;
GSAT0103 (GALILEO-FM3);38857;2025-10-02T23:08:29.970528;;
SJ-9A;38860;2025-10-05T11:36:12.619296;;
SJ-9B;38861;2025-10-05T12:08:45.002688;;
INTELSAT 23 (IS-23);38867;2025-10-05T11:38:24.559008;;
BEIDOU-2 G6;38953;2025-10-05T12:17:28.312800;;
LUCH-5B;38977;2025-10-05T04:57:44.522784;;
YAMAL 300K;38978;2025-10-05T12:45:48.929184;;
STAR ONE C3;38991;2025-10-05T06:23:51.265248;;
EUTELSAT 21B;38992;2025-10-05T11:59:30.037344;;
ECHOSTAR 16;39008;2025-10-05T03:02:10.603968;;
YAOGAN-16 01A;39011;2025-10-05T06:08:48.202944;;
YAOGAN-16 01B;39012;2025-10-05T06:14:53.145312;;
YAOGAN-16 01C;39013;2025-10-05T11:33:21.891168;;
ZHONGXING-12;39017;2025-10-05T12:18:13.241664;;
PLEIADES 1B;39019;2025-10-05T11:58:41.219616;;
EUTELSAT 70B;39020;2025-10-05T12:13:43.671072;;
YAMAL 402;39022;2025-10-05T12:09:14.103072;;
GOKTURK 2;39030;2025-10-05T13:11:38.081184;;
SKYNET 5D;39034;2025-10-05T10:25:50.564064;;
MEXSAT 3;39035;2025-10-05T11:34:29.596800;;
COSMOS 2482;39057;2025-10-05T12:42:02.871360;;
COSMOS 2483;39058;2025-10-05T11:52:10.875648;;
COSMOS 2484;39059;2025-10-05T13:02:32.184384;;
TDRS 11;39070;2025-10-05T10:43:51.706272;;
GLOBALSTAR M097;39072;2025-10-05T12:09:13.589856;;
GLOBALSTAR M093;39073;2025-10-05T09:37:43.864032;;
GLOBALSTAR M094;39074;2025-10-05T03:55:13.054656;;
GLOBALSTAR M096;39075;2025-10-05T02:20:13.066080;;
GLOBALSTAR M078;39076;2025-10-05T11:12:55.552032;;
GLOBALSTAR M095;39077;2025-10-05T08:02:18.221568;;
AMAZONAS 3;39078;2025-10-05T10:38:45.331008;;
AZERSPACE 1;39079;2025-10-05T12:06:44.343360;;
LANDSAT 8;39084;2025-10-05T11:13:13.603584;;
SARAL;39086;2025-10-05T11:56:18.630240;;
SAPPHIRE;39088;2025-10-05T11:37:25.186656;;
NEOSSAT;39089;2025-10-05T11:51:30.544128;;
STRAND-1;39090;2025-10-05T12:00:23.052384;;
BRITE-AUSTRIA;39091;2025-10-05T11:29:36.362112;;
SBIRS GEO-2 (USA 241);39120;2025-10-05T04:48:15.431040;;
EUTELSAT 117 WEST A;39122;2025-10-05T11:51:42.133824;;
ANIK G1;39127;2025-10-05T11:22:52.595040;;
GAOFEN-1;39150;2025-10-05T12:39:16.028640;;
NEE-01 PEGASO;39151;2025-10-05T08:25:19.788672;;
COSMOS 2485 [GLONASS-M];39155;2025-10-01T19:37:48.346752;;
ZHONGXING-11;39157;2025-10-05T12:54:14.363136;;
PROBA-V;39159;2025-10-05T11:18:59.427360;;
VNREDSAT 1;39160;2025-10-05T12:29:06.753120;;
EUTELSAT 7B;39163;2025-10-05T08:30:01.666944;;
NAVSTAR 68 (USA 242);39166;2025-10-05T09:50:59.130240;;
WGS F5 (USA 243);39168;2025-10-04T23:39:10.891872;;
SES-6;39172;2025-10-05T11:42:01.710720;;
COSMOS 2486;39177;2025-10-05T13:20:20.681952;;
O3B FM4;39189;2025-10-02T07:12:28.306368;;
O3B FM2;39190;2025-10-05T08:45:05.087808;;
O3B PFM;39191;2025-10-05T09:05:20.137056;;
IRIS;39197;2025-10-05T11:31:36.331104;;
IRNSS-1A;39199;2025-10-05T12:08:59.127360;;
SJ-11-05;39202;2025-10-05T12:28:39.772128;;
MUOS-2;39206;2025-10-05T10:43:51.706272;;
SHIYAN-7 (SY-7);39208;2025-10-05T11:36:52.729632;;
CHUANGXIN-3 (CX-3);39209;2025-10-05T11:31:30.485280;;
SHIJIAN-15 (SJ-15);39210;2025-10-05T12:52:53.447808;;
ALPHASAT;39215;2025-10-05T05:09:35.885952;;
INSAT-3D;39216;2025-10-05T10:47:48.456960;;
WGS F6 (USA 244);39222;2025-10-05T12:31:19.108416;;
ARIRANG-5 (KOMPSAT-5);39227;2025-10-05T13:43:42.366432;;
ES'HAIL 1;39233;2025-10-05T03:27:00.724032;;
GSAT-7;39234;2025-10-05T10:31:57.478080;;
AMOS-4;39237;2025-10-05T12:12:06.326784;;
YAOGAN-17 01A;39239;2025-10-05T12:36:48.472992;;
YAOGAN-17 01B;39240;2025-10-05T13:33:33.288768;;
YAOGAN-17 01C;39241;2025-10-05T11:08:24.360576;;
GONETS-M 5;39249;2025-10-05T13:59:04.441056;;
GONETS-M 6;39250;2025-10-05T13:56:00.307968;;
GONETS-M 7;39251;2025-10-05T13:13:08.370048;;
HISAKI (SPRINT-A);39253;2025-10-05T10:45:56.994048;;
AEHF-3 (USA 246);39256;2025-10-05T11:18:08.048736;;
FENGYUN 3C;39260;2025-10-05T11:17:22.599744;;
CASSIOPE;39265;2025-10-05T11:53:03.679008;;
POPACS 1;39268;2025-10-05T11:35:47.787072;;
POPACS 2;39269;2025-10-05T10:00:11.608128;;
POPACS 3;39270;2025-10-05T08:43:32.556000;;
ASTRA 2E;39285;2025-10-05T12:01:44.821344;;
SHIJIAN-16 (SJ-16);39358;2025-10-05T12:48:21.799296;;
FM-6;39360;2025-10-05T03:09:50.893056;;
RADUGA-1M 3;39375;2025-10-05T03:29:45.461184;;
YAOGAN-19;39410;2025-10-05T13:12:56.503872;;
APRIZESAT 7;39416;2025-10-05T10:11:35.225664;;
ZACUBE-1 (TSHEPISOSAT);39417;2025-10-05T09:58:54.380352;;
SKYSAT-A;39418;2025-10-05T09:49:02.286336;;
DUBAISAT-2;39419;2025-10-05T11:54:58.413888;;
OPTOS;39420;2025-10-05T09:58:01.334208;;
STSAT-3;39422;2025-10-05T12:39:48.980736;;
WNISAT-1;39423;2025-10-05T10:09:04.499136;;
APRIZESAT 8;39425;2025-10-05T10:16:56.205984;;
TRITON-1;39427;2025-10-05T11:59:34.302912;;
GOMX-1;39430;2025-10-05T13:16:27.405408;;
FIRST-MOVE;39439;2025-10-05T10:22:33.045024;;
CUBEBUG-2 (LO-74);39440;2025-10-05T10:34:04.822176;;
NEE-02 KRYSAOR;39441;2025-10-04T18:59:15.326304;;
FUNCUBE-1 (AO-73);39444;2025-10-05T10:41:43.638144;;
UWE-3;39446;2025-10-05T09:32:52.106784;;
SWARM B;39451;2025-10-05T11:48:39.227616;;
SWARM A;39452;2025-10-05T10:37:44.000832;;
SWARM C;39453;2025-10-05T10:37:37.247808;;
SHIYAN-5 (SY-5);39455;2025-10-05T11:47:11.777856;;
SES-8;39460;2025-10-05T12:40:17.262912;;
ALICE;39467;2025-10-05T05:15:18.544032;;
SMDC ONE 2.4;39469;2025-10-05T07:31:00.388416;;
MCUBED-2;39472;2025-10-05T11:28:35.234976;;
TACSAT 6;39473;2025-10-05T11:33:09.408096;;
SMDC ONE 2.3;39474;2025-10-05T11:48:20.833920;;
INMARSAT 5-F1;39476;2025-10-05T03:37:37.206048;;
TKSAT-1 (TUPAC KATARI);39481;2025-10-05T11:36:49.180320;;
COSMOS 2488;39483;2025-10-05T12:09:17.222976;;
COSMOS 2489;39484;2025-10-05T11:29:22.239168;;
COSMOS 2490;39485;2025-10-05T12:44:12.386688;;
EXPRESS-AM5;39487;2025-10-05T11:22:38.705376;;
COSMOS 2493 (SKRL-756 1);39490;2025-10-05T11:19:34.294080;;
COSMOS 2494 (SKRL-756 2);39491;2025-10-05T10:36:39.235392;;
GSAT-14;39498;2025-10-05T10:31:57.478080;;
THAICOM 6;39500;2025-10-05T12:15:58.455936;;
TDRS 12;39504;2025-10-05T04:50:37.705056;;
ABS-2;39508;2025-10-05T12:14:58.553088;;
ATHENA-FIDUS;39509;2025-10-05T12:04:22.070208;;
TURKSAT 4A;39522;2025-10-05T12:05:29.462208;;
NAVSTAR 69 (USA 248);39533;2025-10-04T21:48:45.116064;;
GPM-CORE;39574;2025-10-05T12:25:01.314048;;
EXPRESS-AT1;39612;2025-10-05T12:09:29.078784;;
EXPRESS-AT2;39613;2025-10-05T11:22:38.705376;;
AMAZONAS 4A;39616;2025-10-05T11:32:21.685920;;
ASTRA 5B;39617;2025-10-05T12:00:07.477056;;
COSMOS 2492 [GLONASS-M];39620;2025-10-05T01:27:55.653984;;
SJ-11-06;39624;2025-10-05T12:27:43.426368;;
SENTINEL-1A;39634;2025-10-05T11:42:10.442304;;
IRNSS-1B;39635;2025-10-04T12:10:22.137024;;
LUCH-5V;39727;2025-10-05T12:37:14.964096;;
KAZSAT-3;39728;2025-10-05T12:10:14.006784;;
KAZEOSAT 1;39731;2025-10-05T12:19:56.203680;;
NAVSTAR 70 (USA 251);39741;2025-10-05T04:30:43.938720;;
COSMOS 2496;39761;2025-10-05T11:43:35.263776;;
COSMOS 2497;39762;2025-10-05T11:09:24.169248;;
COSMOS 2498;39763;2025-10-05T11:05:33.260928;;
ALOS-2;39766;2025-10-05T12:02:08.723904;;
UNIFORM 1;39767;2025-10-05T10:08:01.116096;;
SOCRATES;39768;2025-10-05T06:49:40.931328;;
RISING 2;39769;2025-10-05T12:30:05.568192;;
EUTELSAT 3B;39773;2025-10-05T08:28:54.274944;;
COSMOS 2500 [GLONASS-M];40001;2025-10-05T05:37:12.192960;;
KAZEOSAT 2;40010;2025-10-05T13:45:53.506080;;
HODOYOSHI-4;40011;2025-10-05T12:34:46.135776;;
UNISAT-6;40012;2025-10-05T10:06:11.666304;;
DEIMOS-2;40013;2025-10-05T11:24:28.177632;;
BUGSAT-1 (TITA);40014;2025-10-05T12:31:56.947296;;
HODOYOSHI-3;40015;2025-10-05T11:35:13.424064;;
SAUDISAT 4;40016;2025-10-05T09:11:38.626080;;
APRIZESAT 9;40018;2025-10-05T08:53:45.024000;;
APRIZESAT 10;40019;2025-10-05T07:55:59.818080;;
BRITE-CA1 (TORONTO);40020;2025-10-05T07:51:00.143136;;
DUCHIFAT-1;40021;2025-10-05T01:01:34.481280;;
NANOSATC-BR1;40024;2025-10-04T11:30:55.316160;;
QB50P1;40025;2025-10-05T10:59:39.730272;;
DTUSAT-2;40030;2025-10-05T10:57:22.875264;;
QB50P2;40032;2025-10-05T11:17:26.519712;;
PERSEUS-M2;40037;2025-10-05T12:28:01.505568;;
PERSEUS-M1;40039;2025-10-05T08:55:27.979968;;
POLYITAN-1;40042;2025-10-05T06:19:55.502112;;
TIGRISAT;40043;2025-10-05T09:24:46.584576;;
LEMUR-1;40044;2025-10-05T09:06:18.379296;;
AEROCUBE 6A;40045;2025-10-05T10:14:25.185696;;
AEROCUBE 6B;40046;2025-10-05T11:02:28.618080;;
SPOT 7;40053;2025-10-05T12:19:11.415648;;
CANX-4;40055;2025-10-05T11:58:49.063008;;
CANX-5;40056;2025-10-05T12:00:38.054880;;
OCO 2;40059;2025-10-05T11:01:40.849248;;
GONETS-M 8;40061;2025-10-05T12:49:23.447424;;
GONETS-M 9;40062;2025-10-05T11:42:43.525728;;
GONETS-M 10;40063;2025-10-05T13:11:38.471712;;
METEOR-M 2;40069;2025-10-05T11:10:08.423328;;
DX1;40071;2025-10-05T11:28:33.625344;;
SKYSAT-B;40072;2025-10-05T12:39:58.807008;;
UKUBE-1;40074;2025-10-05T11:22:00.978816;;
TECHDEMOSAT-1 (TDS-1);40076;2025-10-05T11:48:06.899328;;
O3B FM3;40079;2025-10-05T10:41:10.101120;;
O3B FM7;40080;2025-10-04T14:12:09.287424;;
O3B FM6;40081;2025-10-05T00:26:46.982112;;
O3B FM8;40082;2025-10-05T01:43:40.234080;;
ORBCOMM FM109;40086;2025-10-05T05:18:37.105056;;
NAVSTAR 71 (USA 256);40105;2025-10-04T18:43:05.603808;;
ASIASAT 8 (AMOS-7);40107;2025-10-05T12:23:36.058848;;
YAOGAN-20 01A;40109;2025-10-05T11:56:27.805920;;
YAOGAN-20 01B;40110;2025-10-05T11:58:28.291584;;
YAOGAN-20 01C;40111;2025-10-05T11:47:39.298848;;
WORLDVIEW-3 (WV-3);40115;2025-10-05T11:13:04.571328;;
GAOFEN-2;40118;2025-10-05T13:08:24.317952;;
BRITE-PL2 (HEWELIUSZ);40119;2025-10-05T06:10:31.495008;;
GSAT0201 (GALILEO 5);40128;2025-10-04T22:29:39.486048;;
GSAT0202 (GALILEO 6);40129;2025-10-04T15:42:53.867232;;
LING QIAO;40136;2025-10-05T11:31:51.070080;;
CHUANGXIN 1-04 (CX-1-04);40137;2025-10-05T11:11:29.245344;;
ASIASAT 6;40141;2025-10-05T13:36:51.847200;;
YAOGAN-21;40143;2025-10-05T12:26:19.925952;;
OPTUS 10;40146;2025-10-05T03:59:08.238912;;
MEASAT-3B;40147;2025-10-05T11:27:23.768352;;
LUCH (OLYMP-K 1);40258;2025-10-04T15:39:02.887200;;
SJ-11-07;40261;2025-10-05T11:59:51.930240;;
HIMAWARI-8;40267;2025-10-05T11:22:38.705376;;
IRNSS-1C;40269;2025-10-05T12:17:13.337088;;
INTELSAT 30 (IS-30);40271;2025-10-05T07:05:09.536928;;
ARSAT 1;40272;2025-10-05T12:29:38.818752;;
YAOGAN-22;40275;2025-10-05T09:55:37.420320;;
EXPRESS-AM6;40277;2025-10-05T13:51:29.272896;;
SJ-11-08;40286;2025-10-05T12:35:54.529152;;
NAVSTAR 72 (USA 258);40294;2025-10-04T15:42:12.113568;;
MERIDIAN 7;40296;2025-09-30T22:58:46.556256;;
ASNARO;40298;2025-10-05T15:35:01.845888;;
YAOGAN-24;40310;2025-10-05T13:18:08.724096;;
COSMOS 2501 [GLONASS-K];40315;2025-10-05T00:33:56.915424;;
GSAT-16;40332;2025-10-05T12:09:14.103072;;
DIRECTV 14;40333;2025-10-05T07:59:42.075168;;
CBERS 4;40336;2025-10-05T11:41:58.360128;;
YAOGAN-25 01A;40338;2025-10-05T11:41:34.251936;;
YAOGAN-25 01B;40339;2025-10-05T11:29:53.073600;;
YAOGAN-25 01C;40340;2025-10-05T11:29:26.653344;;
YAMAL 401;40345;2025-10-05T14:01:58.266624;;
O3B FM10;40348;2025-10-05T02:22:17.438016;;
O3B FM11;40349;2025-10-05T07:28:39.499392;;
O3B FM12;40350;2025-10-04T22:32:07.228320;;
O3B FM9;40351;2025-10-05T08:46:25.082112;;
COSMOS 2502;40358;2025-10-05T11:45:02.245248;;
YAOGAN-26;40362;2025-10-05T12:50:21.672384;;
ASTRA 2G;40364;2025-10-05T03:27:45.652032;;
FENGYUN 2G;40367;2025-10-05T10:39:11.784096;;
MUOS-3;40374;2025-10-05T04:57:59.499360;;
SMAP;40376;2025-10-05T12:22:28.487136;;
INMARSAT 5-F2;40384;2025-10-05T10:45:26.682336;;
COSMOS 2503;40420;2025-10-05T11:27:28.232640;;
ABS-3A;40424;2025-10-05T08:27:09.443232;;
EUTELSAT 115 WEST B;40425;2025-10-05T07:14:16.327968;;
MMS 1;40482;2025-10-05T14:00:01.999008;;
MMS 2;40483;2025-10-05T14:00:01.999008;;
MMS 3;40484;2025-10-05T14:00:01.999008;;
MMS 4;40485;2025-10-05T14:00:01.999008;;
EXPRESS-AM7;40505;2025-10-05T15:30:27.283968;;
NAVSTAR 73 (USA 260);40534;2025-10-05T06:49:49.958400;;
KOMPSAT-3A;40536;2025-10-05T11:42:48.538656;;
GSAT0203 (GALILEO 7);40544;2025-10-03T21:00:56.764800;;
GSAT0204 (GALILEO 8);40545;2025-10-02T08:54:30.351168;;
BEIDOU-3S IGSO-1S;40549;2025-09-30T23:40:32.557152;;
GONETS-M 11;40552;2025-10-05T11:21:43.176960;;
GONETS-M 12;40553;2025-10-05T12:43:23.309760;;
GONETS-M 13;40554;2025-10-05T11:59:37.631904;;
COSMOS 2504;40555;2025-10-05T10:25:34.917024;;
THOR 7;40613;2025-10-05T05:18:21.738816;;
TURKMENALEM52E/MONACOSAT;40617;2025-10-05T12:08:21.685920;;
DIRECTV 15;40663;2025-10-05T11:33:34.482240;;
SKY MEXICO-1;40664;2025-10-05T11:31:06.804768;;
SENTINEL-2A;40697;2025-10-05T11:01:35.899392;;
COSMOS 2506;40699;2025-10-05T12:54:16.638912;;
GAOFEN-8;40701;2025-10-05T12:53:38.869152;;
DMC3-FM1;40715;2025-10-05T12:40:58.044576;;
DMC3-FM2;40716;2025-10-05T11:36:00.347040;;
DMC3-FM3;40717;2025-10-05T13:44:28.357152;;
CARBONITE 1 (CBNT-1);40718;2025-10-05T11:30:04.339296;;
NAVSTAR 74 (USA 262);40730;2025-10-04T22:45:10.564416;;
METEOSAT-11 (MSG-4);40732;2025-10-05T05:08:21.744384;;
STAR ONE C4;40733;2025-10-05T02:59:48.330816;;
WGS F7 (USA 263);40746;2025-10-05T11:00:47.212128;;
BEIDOU-3S M2S;40748;2025-10-05T06:29:47.795712;;
BEIDOU-3S M1S;40749;2025-09-30T03:23:08.092032;;
INTELSAT 34 (IS-34);40874;2025-10-05T10:45:26.684064;;
EUTELSAT 8 WEST B;40875;2025-10-05T08:25:47.073792;;
YAOGAN-27;40878;2025-10-05T12:14:00.496608;;
GSAT-6;40880;2025-10-05T12:16:58.361376;;
INMARSAT 5-F3;40882;2025-10-05T11:02:02.093280;;
MUOS-4;40887;2025-10-05T12:14:51.063936;;
GSAT0205 (GALILEO 9);40889;2025-10-02T03:20:24.741600;;
GSAT0206 (GALILEO 10);40890;2025-10-04T16:56:52.795104;;
TJS-1;40892;2025-10-05T12:59:38.760576;;
GAOFEN-9 01;40894;2025-10-05T13:14:06.831744;;
EXPRESS-AM8;40895;2025-10-05T10:06:37.406592;;
LILACSAT-2;40908;2025-10-05T12:39:06.020928;;
COSMOS 2507;40920;2025-10-05T11:11:18.165408;;
COSMOS 2508;40921;2025-10-05T11:58:33.231936;;
COSMOS 2509;40922;2025-10-05T12:28:06.149568;;
ASTROSAT;40930;2025-10-05T04:52:55.917408;;
BEIDOU-3S IGSO-2S;40938;2025-10-01T22:41:58.314048;;
SKY MUSTER 1 (NBN1A);40940;2025-10-05T05:42:32.725728;;
ARSAT 2;40941;2025-10-05T10:51:26.497728;;
MORELOS 3;40946;2025-10-05T11:21:15.249888;;
LINGQIAO VIDEO A;40959;2025-10-05T12:40:32.782944;;
LINGQIAO VIDEO B;40960;2025-10-05T12:28:31.628064;;
JILIN-1;40961;2025-10-05T12:19:45.788160;;
AEROCUBE 5C;40965;2025-10-05T11:42:04.874688;;
AEROCUBE 7;40966;2025-10-05T11:40:49.798272;;
FOX-1A (AO-85);40967;2025-10-05T12:25:31.791648;;
SINOD-D 1;40968;2025-10-05T11:44:16.078272;;
SNAP-3 ALICE;40970;2025-10-05T07:24:01.723392;;
LMRST-SAT;40971;2025-10-05T09:52:45.276960;;
SNAP-3 EDDIE;40972;2025-10-05T06:06:12.188736;;
PROPCUBE 3;40973;2025-10-05T10:26:31.797600;;
BISONSAT;40974;2025-10-05T07:43:08.042304;;
SNAP-3 JIMI;40975;2025-10-05T09:42:54.859104;;
PROPCUBE 1 (FLORA);40976;2025-10-05T13:00:00.409824;;
SINOD-D 3;40977;2025-10-05T11:27:06.794208;;
APSTAR-9;40982;2025-10-05T11:22:38.705376;;
TURKSAT 4B;40984;2025-10-05T12:07:51.735360;;
NAVSTAR 75 (USA 265);41019;2025-10-05T00:09:24.869376;;
ZHONGXING-2C;41021;2025-10-05T12:23:06.107424;;
YAOGAN-28;41026;2025-10-05T12:56:52.367136;;
GSAT-15;41028;2025-10-05T11:54:21.364704;;
BADR-7 (ARABSAT-6B);41029;2025-10-05T03:27:08.212320;;
COSMOS 2510;41032;2025-09-24T12:40:19.290720;;
LAOSAT 1;41034;2025-10-05T12:30:12.925152;;
TELSTAR 12V;41036;2025-10-05T10:06:29.919168;;
YAOGAN-29;41038;2025-10-05T12:43:12.887328;;
ELEKTRO-L 2;41105;2025-10-05T04:58:21.963360;;
COSMOS 2513;41121;2025-10-05T15:42:03.669696;;
VELOX-CI;41166;2025-10-05T06:31:27.009696;;
KENT RIDGE 1;41167;2025-10-05T10:51:08.582688;;
DAMPE;41173;2025-10-05T11:45:38.091744;;
GSAT0209 (GALILEO 12);41174;2025-10-04T21:00:06.028128;;
GSAT0208 (GALILEO 11);41175;2025-10-02T17:58:19.360416;;
ORBCOMM FM114;41179;2025-10-05T07:25:49.840896;;
ORBCOMM FM110;41182;2025-10-05T07:14:11.669280;;
ORBCOMM FM118;41183;2025-10-05T06:22:29.986176;;
ORBCOMM FM112;41184;2025-10-05T11:26:16.588896;;
ORBCOMM FM113;41185;2025-10-05T09:14:38.308704;;
ORBCOMM FM108;41187;2025-10-05T11:33:00.209952;;
ORBCOMM FM117;41188;2025-10-05T12:23:08.523168;;
ORBCOMM FM116;41189;2025-10-05T10:20:46.291776;;
EXPRESS-AMU1;41191;2025-10-05T12:03:52.117056;;
GAOFEN-4;41194;2025-10-05T15:49:17.976576;;
BELINTERSAT-1;41238;2025-10-05T12:08:14.199360;;
JASON-3;41240;2025-10-05T11:28:50.569248;;
IRNSS-1E;41241;2025-09-24T20:33:38.651904;;
EUTELSAT 9B;41310;2025-10-05T03:22:16.176864;;
NAVSTAR 76 (USA 266);41328;2025-10-05T02:07:04.006848;;
COSMOS 2514 [GLONASS-M];41330;2025-10-05T00:10:57.578304;;
SENTINEL-3A;41335;2025-10-05T12:06:52.644672;;
HORYU-4;41340;2025-10-05T02:09:20.104992;;
SES-9;41380;2025-10-05T08:58:58.891008;;
EUTELSAT 65 WEST A;41382;2025-10-05T11:34:51.447360;;
IRNSS-1F;41384;2025-10-05T05:11:43.183392;;
COSMOS 2515;41394;2025-10-05T11:38:56.145120;;
BEIDOU-2 IGSO-6;41434;2025-10-05T07:12:46.575648;;
IRNSS-1G;41469;2025-10-05T10:47:40.970400;;
JCSAT-2B;41471;2025-10-05T05:51:38.722752;;
YAOGAN-30 01;41473;2025-10-05T12:15:49.247424;;
GSAT0211 (GALILEO 14);41549;2025-10-05T05:14:36.254688;;
GSAT0210 (GALILEO 13);41550;2025-10-03T03:06:51.074784;;
THAICOM 8;41552;2025-10-05T12:15:58.455936;;
ZIYUAN 3-2 (ZY 3-2);41556;2025-10-05T12:18:22.620384;;
COSMOS 2517 (GEO-IK 2);41579;2025-10-05T12:23:26.739744;;
INTELSAT 31 (IS-31);41581;2025-10-05T10:43:02.883360;;
BEIDOU-2 G7;41586;2025-10-05T12:25:05.915712;;
ABS-2A (MONGOLSAT-1);41588;2025-10-04T22:32:45.716928;;
EUTELSAT 117 WEST B;41589;2025-10-05T04:29:09.761856;;
BRISAT;41591;2025-10-05T03:46:39.639936;;
ECHOSTAR 18;41592;2025-10-05T10:38:45.325824;;
CARTOSAT-2C;41599;2025-10-05T11:53:05.241120;;
SKYSAT-C1;41601;2025-10-05T01:25:59.439072;;
LAPAN-A3;41603;2025-10-05T12:46:29.222688;;
BIROS;41604;2025-10-05T01:11:29.236416;;
M3MSAT;41605;2025-10-05T01:33:17.623584;;
MUOS-5;41622;2025-10-05T11:23:00.084192;;
SJ 16-02;41634;2025-10-05T12:22:06.416256;;
TIANTONG-1 1;41725;2025-10-05T14:34:49.357344;;
GAOFEN-3;41727;2025-10-05T12:52:34.558176;;
JCSAT-16;41729;2025-10-05T05:43:32.632032;;
QSS (MOZI);41731;2025-10-05T12:20:13.451712;;
USA 270;41744;2025-10-04T05:41:21.112224;;
USA 271;41745;2025-10-04T08:58:17.227200;;
INTELSAT 36 (IS-36);41747;2025-10-05T03:39:07.062048;;
INSAT-3DR;41752;2025-10-05T08:48:59.847840;;
PERUSAT 1;41770;2025-10-05T12:26:52.630080;;
SKYSAT-C4;41771;2025-10-05T11:33:08.517312;;
SKYSAT-C5;41772;2025-10-05T09:47:32.527104;;
SKYSAT-C2;41773;2025-10-05T11:32:59.612064;;
SKYSAT-C3;41774;2025-10-05T02:06:50.879232;;
PISAT;41784;2025-10-05T11:21:07.253568;;
ALSAT 1B;41785;2025-10-05T11:46:18.349824;;
ALSAT 2B;41786;2025-10-05T11:26:23.568288;;
PATHFINDER 1;41787;2025-10-05T10:59:18.799008;;
SCATSAT 1;41790;2025-10-05T10:48:16.104096;;
GSAT-18;41793;2025-10-05T12:14:36.089088;;
SKY MUSTER 2 (NBN1B);41794;2025-10-05T03:35:23.839872;;
HIMAWARI-9;41836;2025-10-05T05:42:40.214880;;
SHIJIAN-17 (SJ-17);41838;2025-10-04T16:33:55.275840;;
CAS-2T & KS-1Q;41847;2025-10-05T10:32:59.565984;;
RAVAN;41849;2025-10-05T03:41:39.208128;;
CELTEE 1;41850;2025-10-05T07:31:57.483264;;
OPTICUBE 04;41851;2025-10-05T12:02:09.117024;;
AEROCUBE 8D;41852;2025-10-05T11:44:37.668768;;
AEROCUBE 8C;41853;2025-10-05T11:36:48.522816;;
PROMETHEUS 2-1;41854;2025-10-04T21:27:26.385696;;
PROMETHEUS 2-3;41855;2025-10-05T08:28:00.518592;;
YUNHAI-1 01;41857;2025-10-05T11:01:42.964320;;
GSAT0207 (GALILEO 15);41859;2025-10-02T19:43:47.746560;;
GSAT0212 (GALILEO 16);41860;2025-10-05T00:31:54.981696;;
GSAT0213 (GALILEO 17);41861;2025-10-04T19:16:42.127104;;
GSAT0214 (GALILEO 18);41862;2025-10-04T22:46:49.109664;;
GOES 16;41866;2025-10-05T11:23:37.523040;;
TIANLIAN 1-04;41869;2025-10-05T13:07:38.690976;;
GOKTURK 1A;41875;2025-10-05T12:14:22.544160;;
RESOURCESAT-2A;41877;2025-10-05T11:54:56.985696;;
WGS F8 (USA 272);41879;2025-10-05T05:45:17.462880;;
FENGYUN 4A;41882;2025-10-05T12:28:50.556576;;
CYGFM05;41884;2025-10-05T00:36:20.492352;;
CYGFM04;41885;2025-10-05T12:56:52.222848;;
CYGFM02;41886;2025-10-05T05:09:30.771936;;
CYGFM01;41887;2025-10-05T01:04:19.804224;;
CYGFM08;41888;2025-10-04T22:55:51.761280;;
CYGFM07;41890;2025-10-04T22:01:21.665568;;
CYGFM03;41891;2025-10-04T21:04:32.140992;;
ECHOSTAR 19;41893;2025-10-05T11:25:52.307040;;
ARASE (ERG);41896;2025-09-20T18:05:31.109856;;
TANSAT;41898;2025-10-05T13:11:03.617088;;
YIJIAN;41899;2025-10-05T11:40:52.327200;;
SPARK 1;41900;2025-10-05T11:19:38.647776;;
SPARK 2;41901;2025-10-05T11:41:42.300096;;
JCSAT-110A (JCSAT-15);41903;2025-10-05T10:42:11.496096;;
STAR ONE D1;41904;2025-10-05T11:44:01.360032;;
TJS-2;41911;2025-10-05T12:12:28.791648;;
JILIN-1 03;41914;2025-10-05T12:01:45.813216;;
KAIDUN 1;41915;2025-10-04T08:45:24.799104;;
IRIDIUM 106;41917;2025-10-05T12:14:38.466816;;
IRIDIUM 103;41918;2025-10-05T06:54:58.460832;;
IRIDIUM 109;41919;2025-10-05T12:05:28.537728;;
IRIDIUM 102;41920;2025-10-05T06:18:25.654752;;
IRIDIUM 105;41921;2025-10-05T05:36:25.985376;;
IRIDIUM 104;41922;2025-10-05T11:38:05.752320;;
IRIDIUM 114;41923;2025-10-05T11:47:14.476128;;
IRIDIUM 108;41924;2025-10-05T09:07:02.445024;;
IRIDIUM 112;41925;2025-10-05T11:28:58.322784;;
IRIDIUM 111;41926;2025-10-05T11:10:42.242880;;
SBIRS GEO-4 (USA 273);41937;2025-10-05T11:59:22.549056;;
HISPASAT 36W-1;41942;2025-10-05T10:00:30.491712;;
TELKOM 3S;41944;2025-10-05T12:27:13.212288;;
INTELSAT 32E (IS-32E);41945;2025-10-05T08:15:40.544064;;
CARTOSAT-2D;41948;2025-10-05T11:07:46.937280;;
SENTINEL-2B;42063;2025-10-05T12:31:57.254880;;
ECHOSTAR 23;42070;2025-10-05T02:48:19.433376;;
WGS F9 (USA 275);42075;2025-10-05T08:24:32.195232;;
SES-10;42432;2025-10-05T11:34:28.983360;;
CHINASAT 16 (SJ-13);42662;2025-10-05T00:25:43.929984;;
KOREASAT 7;42691;2025-10-05T10:43:56.327808;;
SGDC;42692;2025-10-05T04:02:56.730624;;
GSAT-9;42695;2025-10-05T12:48:37.663200;;
INMARSAT 5-F4;42698;2025-10-05T03:35:52.374336;;
SES-15;42709;2025-10-05T11:16:38.191872;;
COSMOS 2518;42719;2025-10-01T06:41:02.540832;;
QZS-2 (MICHIBIKI-2);42738;2025-09-27T19:32:25.478592;;
VIASAT-2;42740;2025-10-05T06:11:42.522720;;
EUTELSAT 172B;42741;2025-10-05T09:17:04.654752;;
GSAT-19;42747;2025-10-05T12:07:14.293920;;
ECHOSTAR 21;42749;2025-10-05T08:30:39.108384;;
HXMT (HUIYAN);42758;2025-10-05T12:27:18.035136;;
ZHUHAI-1 02 (CAS-4B);42759;2025-10-05T11:25:10.263936;;
ZHUHAI-1 01 (CAS-4A);42761;2025-10-05T12:03:04.457952;;
CARTOSAT-2E;42767;2025-10-05T14:40:50.693376;;
BULGARIASAT-1;42801;2025-10-05T06:30:38.706048;;
IRIDIUM 113;42803;2025-10-05T10:41:51.231840;;
IRIDIUM 123;42804;2025-10-05T11:41:34.861056;;
IRIDIUM 120;42805;2025-10-05T10:32:42.945216;;
IRIDIUM 115;42806;2025-10-05T11:11:37.290912;;
IRIDIUM 118;42807;2025-10-05T12:27:14.901408;;
IRIDIUM 117;42808;2025-10-05T11:14:10.898880;;
IRIDIUM 126;42809;2025-10-05T11:50:43.228032;;
IRIDIUM 124;42810;2025-10-05T09:36:19.101312;;
IRIDIUM 128;42811;2025-10-05T11:37:21.950976;;
IRIDIUM 121;42812;2025-10-05T10:37:39.243648;;
